Brand,Name,Color,RAM,Storage,Battery(mAh),Camera,Price(in Rs),Original Price(in Rs),Discount,Rating
OnePlus,OnePlus N6 5G,Fresh Mint,4.0,128.0,8000.0, 128 GB ROM17.27 cm (6.8 inch) Display50MP Rear Camera,22517.0,30999.0,27.36,4.1
Samsung,Samsung Galaxy F07,Green,4.0,64.0,5000.0, 8MP Front Camera,11999.0,,,4.3
realme,realme P4 Lite,Beach Gold,4.0,64.0,6300.0, 64 GB ROM17.14 cm (6.75 inch) HD+ Display13MP Rear Camera,12999.0,24999.0,48.0,3.9
realme,realme P4 Lite,Sea Blue,4.0,128.0,6300.0, 128 GB ROM17.14 cm (6.75 inch) HD+ Display13MP Rear Camera,13999.0,27999.0,50.0,3.9
Ai+,Ai+ Pulse 2,Blue,4.0,128.0,6000.0, Expandable Upto 1 TB17.13 cm (6.745 inch) HD+ Display50MP Rear Camera,11999.0,15499.0,22.58,4.2
Ai+,Ai+ Pulse 2,Green,4.0,64.0,6000.0, Expandable Upto 1 TB17.13 cm (6.745 inch) HD+ Display50MP Rear Camera,10999.0,,,4.2
Ai+,Ai+ Pulse 2,Purple,4.0,64.0,6000.0, Expandable Upto 1 TB17.13 cm (6.745 inch) HD+ Display50MP Rear Camera,10999.0,,,4.2
MOTOROLA,MOTOROLA g37 power,PANTONE Impenetrable,4.0,64.0,7000.0, Expandable Upto 1 TB16.92 cm (6.66 inch) HD+ Display50MP Rear Camera,17999.0,26499.0,32.08,4.2
MOTOROLA,MOTOROLA g06 power,Pantone tapestry,4.0,64.0,7000.0, Expandable Upto 1 TB17.48 cm (6.88 inch) HD+ Display50MP Rear Camera,15999.0,19999.0,20.0,4.2
realme,realme P4 Lite 5G,Mosaic Green,4.0,64.0,7000.0, 64 GB ROM17.27 cm (6.8 inches) HD+ Display13MP Rear Camera,15999.0,28999.0,44.83,4.2
Samsung,Samsung M06 5G,Sage Green,4.0,128.0,5000.0, 128 GB ROM17.02 cm (6.7 inch) Display50MP Rear Camera,14905.0,16999.0,12.32,4.1
POCO,POCO M8 Power 5G,Blaze Orange,6.0,128.0,8000.0, 128 GB ROM17.75 cm (6.99 inch) Full HD+ AMOLED Display50MP Rear Camera,24999.0,54999.0,54.55,4.0
vivo,vivo T5x 5G,Cyber Green,8.0,128.0,7200.0, 32MP Front Camera,27999.0,30999.0,9.68,4.4
POCO,POCO C85x,Elite Black,4.0,128.0,6300.0, Expandable Upto 2 TB17.53 cm (6.9 inch) HD+ Display32MP Rear Camera,14999.0,21999.0,31.82,4.2
MOTOROLA,MOTOROLA Edge 60 Fusion 5G,PANTONE Slipstream,12.0,256.0,5500.0, 32MP Front Camera,29999.0,37999.0,21.05,4.4
realme,realme P4 Lite 5G,Mosaic Blue,4.0,128.0,7000.0, 128 GB ROM17.27 cm (6.8 inches) HD+ Display13MP Rear Camera,17499.0,32999.0,46.97,4.2
MOTOROLA,MOTOROLA g37 power,PANTONE Capri,4.0,64.0,7000.0, Expandable Upto 1 TB16.92 cm (6.66 inch) HD+ Display50MP Rear Camera,17999.0,26499.0,32.08,4.2
POCO,POCO C85x,Emerald Green,4.0,128.0,6300.0, Expandable Upto 2 TB17.53 cm (6.9 inch) HD+ Display32MP Rear Camera,14999.0,21999.0,31.82,4.2
MOTOROLA,MOTOROLA g06 power,Pantone Tendril,4.0,64.0,7000.0, Expandable Upto 1 TB17.48 cm (6.88 inch) HD+ Display50MP Rear Camera,15999.0,19999.0,20.0,4.2
REDMI,REDMI Note 15 SE 5G Snapdragon,Crimson Reserve,6.0,128.0,5800.0, Expandable Upto 1 TB17.2 cm (6.77 inch) Full HD+ AMOLED Display50MP Rear Camera,25999.0,34999.0,25.72,4.3
POCO,POCO C85x,Sunset Gold,4.0,64.0,6300.0, Expandable Upto 2 TB17.53 cm (6.9 inch) HD+ Display32MP Rear Camera,13999.0,20999.0,33.33,4.2
realme,realme P4 Lite 5G,Mosaic Green,4.0,128.0,7000.0, 128 GB ROM17.27 cm (6.8 inches) HD+ Display13MP Rear Camera,17499.0,32999.0,46.97,4.2
REDMI,REDMI A7 Pro 5G,Black,4.0,64.0,6300.0, Expandable Upto 64 GB17.53 cm (6.9 inch) Full HD+ Display32MP Rear Camera,13850.0,26999.0,48.7,4.0
vivo,vivo T5 Lite 44W 5G,Twilight Shadow,6.0,256.0,6500.0, 5MP Front Camera,24999.0,42499.0,41.18,4.3
Samsung,Samsung M06 5G,Blazing Black,4.0,128.0,5000.0, 128 GB ROM17.02 cm (6.7 inch) Display50MP Rear Camera,13995.0,13999.0,0.03,4.1
POCO,POCO C85 5G,Mystic Purple,6.0,128.0,6000.0, Expandable Upto 1 TB17.53 cm (6.9 inch) HD+ Display50MP Rear Camera,17999.0,22999.0,21.74,4.2
IQOO,IQOO Z11x 5G,Prismatic Green,6.0,128.0,7200.0, 128 GB ROM17.02 cm (6.7 inch) Display50MP Rear Camera,25848.0,28999.0,10.87,4.3
vivo,vivo T5x 5G,Cyber Green,8.0,256.0,7200.0, 32MP Front Camera,30999.0,33999.0,8.82,4.4
REDMI,REDMI A7 Pro 5G,Mist Blue,4.0,128.0,6300.0, Expandable Upto 128 GB17.53 cm (6.9 inch) Full HD+ Display32MP Rear Camera,15190.0,16999.0,10.64,4.0
MOTOROLA,MOTOROLA g37 power,PANTONE Capri,4.0,128.0,7000.0, Expandable Upto 1 TB16.92 cm (6.66 inch) HD+ Display50MP Rear Camera,19999.0,30499.0,34.43,4.2
realme,realme P4x 5G,Matte Silver,6.0,128.0,7000.0, 8MP Front Camera,21999.0,38999.0,43.59,4.3
realme,,,6.0,128.0,1450.0, 4 MB ROM6.1 cm (2.4 inch) Display0MP Front Camera,1973.0,2399.0,17.76,4.0
Ai+,Ai+ Pulse 2,Pink,4.0,64.0,6000.0, Expandable Upto 1 TB17.13 cm (6.745 inch) HD+ Display50MP Rear Camera,10999.0,,,4.2
realme,realme Narzo 90x 5G,Flash Blue,8.0,128.0,7000.0, 128 GB ROM17.27 cm (6.8 inch) Display50MP Rear Camera,17999.0,,,4.3
LAVA,LAVA Bold N2 Lite,Nilgiri Blue,3.0,64.0,5000.0, Expandable Upto 512 GB17.14 cm (6.75 inch) HD+ Display13MP Rear Camera,8999.0,11499.0,21.74,4.1
vivo,vivo T5x 5G,Cyber Green,6.0,128.0,7200.0, 32MP Front Camera,24999.0,28999.0,13.79,4.4
realme,,,6.0,128.0,1000.0, 0MP Front Camera,1354.0,1799.0,24.74,4.2
MOTOROLA,MOTOROLA g67 power 5G,Pantone CILANTRO,12.0,256.0,7000.0, 32MP Front Camera,27999.0,30999.0,9.68,4.2
POCO,POCO C85x,Sunset Gold,4.0,128.0,6300.0, Expandable Upto 2 TB17.53 cm (6.9 inch) HD+ Display32MP Rear Camera,14999.0,21999.0,31.82,4.2
Samsung,Samsung Galaxy M17 5G,Sapphire Black,4.0,128.0,5000.0, 128 GB ROM17.02 cm (6.7 inch) Display50MP Rear Camera,17257.0,17999.0,4.12,4.1
Samsung,Samsung Galaxy F36 5G,Black,8.0,128.0,5000.0, 13MP Front Camera,23957.0,24499.0,2.21,4.2
realme,realme P4R 5G,Silver Glare,4.0,128.0,8000.0, 128 GB ROM17.27 cm (6.8 inch) HD+ Display50MP Rear Camera,19999.0,34999.0,42.86,4.2
Ai+,Ai+ Pulse 2,Blue,4.0,64.0,6000.0, Expandable Upto 1 TB17.13 cm (6.745 inch) HD+ Display50MP Rear Camera,10999.0,,,4.2
REDMI,REDMI A7 Pro 5G,Sunset Orange,4.0,64.0,6300.0, Expandable Upto 64 GB17.53 cm (6.9 inch) Full HD+ Display32MP Rear Camera,13878.0,15999.0,13.26,4.0
MOTOROLA,MOTOROLA g57 power 5G Snapdragon,Pantone Corsair,8.0,128.0,7000.0, 8MP Front Camera,21999.0,,,4.4
realme,,,6.0,128.0,800.0, 32 MB ROM4.5 cm (1.77 inch) Display0MP Front Camera,1049.0,1349.0,22.24,4.0
POCO,POCO C81x,Ice Blue,3.0,64.0,5200.0, Expandable Upto 2 TB17.48 cm (6.88 inch) Display13MP Rear Camera,11999.0,18999.0,36.84,4.0
realme,,,6.0,128.0,1800.0, 0MP Front Camera,1488.0,2190.0,32.05,4.1
LAVA,LAVA Bold N2 Lite,Kolar Gold,3.0,64.0,5000.0, Expandable Upto 512 GB17.14 cm (6.75 inch) HD+ Display13MP Rear Camera,8999.0,11499.0,21.74,4.1
realme,,,6.0,128.0,800.0, 0MP Front Camera,1084.0,1499.0,27.69,3.9
Google,Google Pixel 11,Frost,12.0,256.0,4985.0, 10.5MP Front Camera,89999.0,,,4.208928571428571
Google,Google Pixel 11,Obsidian,12.0,256.0,4985.0, 10.5MP Front Camera,89999.0,,,4.208928571428571
POCO,POCO C85x,Emerald Green,4.0,64.0,6300.0, Expandable Upto 2 TB17.53 cm (6.9 inch) HD+ Display32MP Rear Camera,13999.0,20999.0,33.33,4.2
Ai+,Ai+ Pulse 2,Pink,4.0,128.0,6000.0, Expandable Upto 1 TB17.13 cm (6.745 inch) HD+ Display50MP Rear Camera,11999.0,15499.0,22.58,4.2
realme,,,6.0,128.0,1450.0, 4 MB ROM6.1 cm (2.4 inch) Display0MP Front Camera,2082.0,2499.0,16.69,4.0
realme,,,6.0,128.0,1000.0,,1149.0,1249.0,8.01,4.0
Google,Google Pixel 11,Pistachio,12.0,256.0,4985.0, 10.5MP Front Camera,89999.0,,,4.208928571428571
Google,Google Pixel 11,Hibiscus,12.0,256.0,4985.0, 10.5MP Front Camera,89999.0,,,4.208928571428571
OnePlus,OnePlus N6 5G,Midnight Green,4.0,128.0,8000.0, 128 GB ROM17.27 cm (6.8 inch) Display50MP Rear Camera,22377.0,30999.0,27.81,4.1
REDMI,REDMI Note 15 SE 5G,Crimson Reserve,8.0,256.0,5800.0, Expandable Upto 1 TB17.2 cm (6.77 inch) Full HD+ AMOLED Display50MP Rear Camera,29999.0,37999.0,21.05,4.4
MOTOROLA,MOTOROLA Edge 60 Pro,Pantone Shadow,12.0,256.0,6000.0, 50MP Front Camera,33999.0,40999.0,17.07,4.3
vivo,vivo X200T,Seaside Lilac,12.0,512.0,6200.0, 32MP Front Camera,69999.0,87999.0,20.45,4.6
MOTOROLA,MOTOROLA g37 power,PANTONE Impenetrable,8.0,128.0,7000.0, Expandable Upto 1 TB16.92 cm (6.66 inch) HD+ Display50MP Rear Camera,22999.0,37999.0,39.47,4.1
Samsung,Samsung Galaxy F70 Pro 5G,Alpha Black,8.0,256.0,6000.0, 12MP Front Camera,41999.0,54999.0,23.64,4.3
vivo,vivo T5 Lite 44W 5G,Twilight Shadow,4.0,128.0,6500.0, 5MP Front Camera,19999.0,33999.0,41.18,4.3
Samsung,Samsung Galaxy M07,Black,4.0,64.0,5000.0, 8MP Front Camera,11737.0,11999.0,2.18,4.3
Samsung,Samsung Galaxy F70e 5G,Limelight Green,4.0,128.0,6000.0, 8MP Front Camera,17499.0,18999.0,7.9,4.1
realme,realme Narzo 80 Lite,Beach Gold,4.0,64.0,6300.0, 64 GB ROM17.12 cm (6.74 inch) HD+ Display32MP Rear Camera,12960.0,16999.0,23.76,4.3
MOTOROLA,MOTOROLA g37 power,PANTONE Nautical Blue,4.0,128.0,7000.0, Expandable Upto 1 TB16.92 cm (6.66 inch) HD+ Display50MP Rear Camera,19999.0,30499.0,34.43,4.2
REDMI,REDMI A7 Pro 5G,Sunset Orange,4.0,128.0,6300.0, Expandable Upto 128 GB17.53 cm (6.9 inch) Full HD+ Display32MP Rear Camera,15378.0,27999.0,45.08,4.0
Samsung,Samsung Galaxy M17 5G,Moonlight Silver,6.0,128.0,5000.0, 128 GB ROM17.02 cm (6.7 inch) Display50MP Rear Camera,19474.0,23999.0,18.85,4.4
MOTOROLA,MOTOROLA g57 power 5G Snapdragon,Pantone Fluidity,8.0,128.0,7000.0, 8MP Front Camera,21999.0,,,4.4
realme,,,6.0,128.0,1000.0, 0MP Front Camera,1327.0,1699.0,21.9,3.5
Apple,Apple iPhone 16,White,6.0,128.0,6000.0, 12MP Front Camera,65900.0,69900.0,5.72,4.6
realme,realme P4 Pro 5G,Birch Wood,8.0,256.0,7000.0, 50MP Front Camera,30999.0,,,4.4
Apple,Apple iPhone 17,Sage,6.0,128.0,6000.0, 18MP Front Camera,80900.0,82900.0,2.41,4.6
Samsung,Samsung Galaxy A06 5G,Light Gray,4.0,64.0,5000.0, 8MP + 2MP Dual Front Camera,14149.0,15499.0,8.71,4.1
Samsung,Samsung Galaxy M06 5G,Blazing Black,4.0,64.0,5000.0, 64 GB ROM17.02 cm (6.7 inch) Display50MP Rear Camera,14369.0,14999.0,4.2,4.2
REDMI,REDMI Note 15 SE 5G Snapdragon,Frosted White,6.0,128.0,5800.0, Expandable Upto 1 TB17.2 cm (6.77 inch) Full HD+ AMOLED Display50MP Rear Camera,25999.0,34999.0,25.72,4.3
realme,,,6.0,128.0,1000.0, 0MP Front Camera,988.0,1249.0,20.9,4.2
realme,,,6.0,128.0,1900.0, 0MP Front Camera,1579.0,1799.0,12.23,4.1
MOTOROLA,MOTOROLA Edge 70,PANTONE Gadget Gray,8.0,256.0,5000.0, 50MP Front Camera,34999.0,,,4.4
realme,realme P4R 5G,Titanium Glare,4.0,128.0,8000.0, 128 GB ROM17.27 cm (6.8 inch) HD+ Display50MP Rear Camera,19999.0,34999.0,42.86,4.2
POCO,POCO C85 5G,Mystic Purple,4.0,128.0,6000.0, Expandable Upto 1 TB17.53 cm (6.9 inch) HD+ Display50MP Rear Camera,16499.0,20999.0,21.43,3.8
realme,realme P4x 5G,Elegant Pink,8.0,128.0,7000.0, 8MP Front Camera,23499.0,,,4.3
MOTOROLA,MOTOROLA Edge 70 Fusion,Pantone SILHOUETTE,12.0,512.0,7000.0, 32MP Front Camera,37999.0,64999.0,41.54,4.3
realme,,,6.0,128.0,2700.0, 32 MB ROM6.1 cm (2.4 inch) Display0.3MP Rear Camera,1370.0,1999.0,31.47,3.9
Samsung,Samsung Galaxy A07 LTE,Light Violet,4.0,64.0,5000.0,,11990.0,12999.0,7.76,4.2
REDMI,REDMI Note-14 Pro 5G,Ivy Green,8.0,128.0,5500.0, 20MP Front Camera,24800.0,28999.0,14.48,4.3
realme,,,6.0,128.0,1750.0, 32 MB ROM6.1 cm (2.4 inch) Display0.08MP Rear Camera,1039.0,2099.0,50.5,3.6
MOTOROLA,MOTOROLA g37 power,PANTONE Nautical Blue,8.0,128.0,7000.0, Expandable Upto 1 TB16.92 cm (6.66 inch) HD+ Display50MP Rear Camera,22999.0,37999.0,39.47,4.1
MOTOROLA,MOTOROLA g37,PANTONE Impenetrable,4.0,64.0,5200.0, Expandable Upto 1 TB16.92 cm (6.66 inch) HD+ Display50MP Rear Camera,16999.0,24999.0,32.0,4.3
Ai+,Ai+ Pulse 2,Purple,4.0,128.0,6000.0, Expandable Upto 1 TB17.13 cm (6.745 inch) HD+ Display50MP Rear Camera,11999.0,15499.0,22.58,4.2
REDMI,REDMI Note 15 SE 5G Snapdragon,Carbon Black,6.0,128.0,5800.0, Expandable Upto 1 TB17.2 cm (6.77 inch) Full HD+ AMOLED Display50MP Rear Camera,25999.0,34999.0,25.72,4.3
Ai+,Ai+ Pulse 2,Green,4.0,128.0,6000.0, Expandable Upto 1 TB17.13 cm (6.745 inch) HD+ Display50MP Rear Camera,11999.0,15499.0,22.58,4.2
IQOO,IQOO 15R 5G,Triumph Silver,8.0,256.0,7600.0, 256 GB ROM16.74 cm (6.59 inch) Display50MP Rear Camera,53990.0,53999.0,0.02,4.7
realme,realme Narzo 80 Lite,See Blue,4.0,64.0,6300.0, 64 GB ROM17.09 cm (6.73 inch) Display13MP Rear Camera,13475.0,16999.0,20.73,4.3
Vivo,Vivo T4 Lite 5G (Prism Blue 2026),,4.0,64.0,6000.0, 5MP Front Camera,16999.0,27999.0,39.29,4.3
Samsung,Samsung M47 5G,Blaze Blue,6.0,128.0,6000.0, 128 GB ROM16.94 cm (6.67 inch) Display50MP Rear Camera,26516.0,46999.0,43.58,4.3
Vivo,Vivo T4 Lite 5G (Titanium Gold 2026),,4.0,64.0,6000.0, 5MP Front Camera,16999.0,27999.0,39.29,4.3
realme,,,6.0,128.0,2700.0, 32 MB ROM6.1 cm (2.4 inch) Display0.3MP Rear Camera,1310.0,1999.0,34.47,3.9
MOTOROLA,MOTOROLA g37 power,PANTONE Impenetrable,4.0,128.0,7000.0, Expandable Upto 1 TB16.92 cm (6.66 inch) HD+ Display50MP Rear Camera,19999.0,30499.0,34.43,4.2
realme,,,6.0,128.0,800.0, 0MP Front Camera,979.0,1499.0,34.69,4.0
Samsung,Samsung Galaxy F70e 5G,Limelight Green,6.0,128.0,6000.0, 8MP Front Camera,20499.0,20999.0,2.38,4.2
REDMI,REDMI Note 15 SE 5G Snapdragon,Frosted White,8.0,128.0,5800.0, Expandable Upto 1 TB17.2 cm (6.77 inch) Full HD+ AMOLED Display50MP Rear Camera,27999.0,35999.0,22.22,4.4
realme,,,6.0,128.0,1000.0, 32 MB ROM4.5 cm (1.77 inch) Display0.03MP Rear Camera,945.0,1899.0,50.24,3.8
realme,realme P4x 5G,Lake Green,6.0,128.0,7000.0, 8MP Front Camera,21999.0,38999.0,43.59,4.3
POCO,POCO M7 Plus 5G,Aqua Blue,8.0,128.0,7000.0, Expandable Upto 2 TB17.53 cm (6.9 inch) Full HD+ Display50MP AI Dual Camera,17999.0,,,4.2
Nothing,Nothing Phone (4b),4b) (Blue,8.0,128.0,6000.0, 16MP Front Camera,34999.0,54999.0,36.36,4.4
MOTOROLA,MOTOROLA Signature,PANTONE Martini Olive,16.0,512.0,5200.0, 50MP Front Camera,64999.0,79999.0,18.75,4.5
realme,,,6.0,128.0,2000.0, Expandable Upto 32 GB6.1 cm (2.4 inch) Display0.8MP Rear Camera,1423.0,1599.0,11.01,4.0
REDMI,REDMI Note 14 Pro 5G,Champagne Gold,8.0,256.0,5500.0, 20MP Front Camera,25919.0,30999.0,16.39,4.3
vivo,vivo T5 Lite 44W 5G,Wave Blue,6.0,256.0,6500.0, 5MP Front Camera,24999.0,42499.0,41.18,4.3
OnePlus,OnePlus N6 5G,Fresh Mint,6.0,128.0,8000.0, 128 GB ROM17.27 cm (6.8 inch) Display50MP Rear Camera,27431.0,33999.0,19.32,4.2
POCO,POCO M8 Power 5G,Black,6.0,128.0,8000.0, 128 GB ROM17.75 cm (6.99 inch) Full HD+ AMOLED Display50MP Rear Camera,24999.0,54999.0,54.55,4.0
OnePlus,OnePlus Nord CE6,Fresh Blue,8.0,128.0,8000.0, Expandable Upto 128 GB17.22 cm (6.78 inch) Full HD+ Display50MP Rear Camera,34990.0,40999.0,14.66,4.5
OnePlus,OnePlus Nord CE6,Pitch Black,8.0,256.0,8000.0, Expandable Upto 256 GB17.22 cm (6.78 inch) Full HD+ Display50MP Rear Camera,38866.0,43999.0,11.67,4.5
realme,,,6.0,128.0,800.0, 0MP Front Camera,1071.0,1499.0,28.55,4.0
realme,realme P4 Lite 5G,Mosaic Blue,6.0,128.0,7000.0, 128 GB ROM17.27 cm (6.8 inches) HD+ Display13MP Rear Camera,20999.0,36999.0,43.24,4.3
Ai+,Ai+ Nova 2 Neo 5G,Black,6.0,128.0,6000.0, Expandable Upto 2 TB17.13 cm (6.745 inch) HD+ Display48MP Rear Camera,16999.0,19999.0,15.0,4.2
Samsung,Samsung Galaxy M17 5G,Sapphire Black,6.0,128.0,5000.0, 128 GB ROM17.02 cm (6.7 inch) Display50MP Rear Camera,19960.0,23999.0,16.83,4.4
Samsung,Samsung Galaxy A36 5G,Awesome Lavender,8.0,128.0,5000.0, 12MP Front Camera,28999.0,35999.0,19.44,4.3
MOTOROLA,MOTOROLA Edge 60 Fusion 5G,PANTONE Amazonite,12.0,256.0,5500.0, 32MP Front Camera,29999.0,37999.0,21.05,4.4
Samsung,Samsung Galaxy M17e,Blitz Blue,6.0,128.0,6000.0, Expandable Upto 128 GB17.02 cm (6.7 inch) Full HD+ Display50MP Rear Camera,17909.0,20999.0,14.71,4.1
realme,,,6.0,128.0,1750.0, Expandable Upto 32 GB4.5 cm (1.77 inch) Display0.3MP Front Camera,1231.0,1549.0,20.53,4.2
realme,,,6.0,128.0,1000.0, 0MP Front Camera,989.0,1249.0,20.82,4.2
vivo,vivo T5x 5G,Fusion Red,8.0,256.0,7200.0, 32MP Front Camera,30999.0,33999.0,8.82,4.4
vivo,vivo T5x 5G,Fusion Red,8.0,128.0,7200.0, 32MP Front Camera,27999.0,30999.0,9.68,4.4
POCO,POCO X7 5G,Cosmic Silver,8.0,256.0,5500.0, 20MP Front Camera,19999.0,27999.0,28.57,4.3
OnePlus,OnePlus Nord CE6,Fresh Blue,8.0,256.0,8000.0, Expandable Upto 256 GB17.22 cm (6.78 inch) Full HD+ Display50MP Rear Camera,38700.0,43999.0,12.04,4.5
realme,realme P4 Lite 5G,Mosaic Blue,4.0,64.0,7000.0, 64 GB ROM17.27 cm (6.8 inches) HD+ Display13MP Rear Camera,15999.0,28999.0,44.83,4.2
REDMI,REDMI A7 Pro 5G,Black,4.0,128.0,6300.0, Expandable Upto 128 GB17.53 cm (6.9 inch) Full HD+ Display32MP Rear Camera,15069.0,27999.0,46.18,4.0
REDMI,REDMI A7 Pro 5G,Black,4.0,64.0,6300.0, Expandable Upto 64 GB17.53 cm (6.9 inch) Full HD+ Display32MP Rear Camera,13705.0,15999.0,14.34,4.0
Samsung,Samsung Galaxy A07 LTE,Green,4.0,64.0,5000.0,,12108.0,12999.0,6.85,4.2
realme,,,6.0,128.0,1000.0, Expandable Upto 16 GB4.57 cm (1.8 inch) FWVGA Display0.3MP Rear Camera,549.0,999.0,45.05,3.4
realme,,,6.0,128.0,1100.0, 0MP Front Camera,578.0,999.0,42.14,3.5
HMD,HMD Vibe2 5G,Nordic Blue,4.0,64.0,6000.0, 64 GB ROM17.02 cm (6.7 inch) HD+ Display50MP Rear Camera,14999.0,17999.0,16.67,4.5
OnePlus,OnePlus Nord CE6,Lunar Pearl,8.0,128.0,8000.0, Expandable Upto 128 GB17.22 cm (6.78 inch) Full HD+ Display50MP Rear Camera,35429.0,40999.0,13.59,4.5
LAVA,LAVA Virat V1,Nilgiri Blue,4.0,64.0,5000.0, 64 GB ROM17.14 cm (6.75 inch) Display13MP Rear Camera,9999.0,12999.0,23.08,4.2
Ai+,Ai+ Nova 2 Neo 5G,Red,4.0,64.0,6000.0, Expandable Upto 2 TB17.13 cm (6.745 inch) HD+ Display48MP Rear Camera,14999.0,17999.0,16.67,4.4
Ai+,Ai+ Nova 2 Neo 5G,Black,4.0,128.0,6000.0, Expandable Upto 2 TB17.13 cm (6.745 inch) HD+ Display48MP Rear Camera,15999.0,18999.0,15.79,4.4
MOTOROLA,MOTOROLA g37,PANTONE Nautical Blue,4.0,64.0,5200.0, Expandable Upto 1 TB16.92 cm (6.66 inch) HD+ Display50MP Rear Camera,16999.0,24999.0,32.0,4.3
Ai+,Ai+ Nova 2 Ultra 5G,Purple,6.0,128.0,6000.0, 13MP Front Camera,20999.0,25999.0,19.23,4.1
realme,realme Narzo 90x 5G,Maroon Red,4.0,128.0,7000.0, 128 GB ROM17.27 cm (6.8 inch) HD+ Display50MP Rear Camera,18099.0,29999.0,39.67,4.1
realme,realme Narzo 90x 5G,Flash Blue,6.0,128.0,7000.0, 128 GB ROM17.27 cm (6.8 inch) Display50MP Rear Camera,20407.0,33999.0,39.98,4.3
Ai+,Ai+ Nova 2 Ultra 5G,Red,6.0,128.0,6000.0, 13MP Front Camera,20999.0,25999.0,19.23,4.1
POCO,POCO C81x,Crystal Black,3.0,64.0,5200.0, Expandable Upto 2 TB17.48 cm (6.88 inch) Display13MP Rear Camera,11999.0,18999.0,36.84,4.0
Ai+,Ai+ Nova 2 Neo 5G,Green,4.0,64.0,6000.0, Expandable Upto 2 TB17.13 cm (6.745 inch) HD+ Display48MP Rear Camera,14999.0,17999.0,16.67,4.4
Ai+,Ai+ Nova 2 Pro 5G,Black,6.0,128.0,6000.0, Expandable Upto 2 TB17.53 cm (6.9 inch) Full HD+ Display48MP Rear Camera,17999.0,21999.0,18.18,4.1
realme,,,6.0,128.0,1750.0, 0MP Front Camera,1331.0,1649.0,19.28,4.2
realme,,,6.0,128.0,1200.0, 4 MB ROM6.1 cm (2.4 inch) Display0.3MP Rear Camera,1295.0,1649.0,21.47,4.1
Samsung,Samsung A36 5G,Dark Blue,8.0,256.0,5000.0, 12MP Front Camera,32999.0,43999.0,25.0,4.3
Samsung,Samsung M36 5G,Velvet Black / Black,6.0,128.0,5000.0, 128 GB ROM17.02 cm (6.7 inch) Display50MP Rear Camera,22479.0,26999.0,16.74,4.3
Ai+,Ai+ Nova 2 5G,Black,6.0,128.0,6000.0, Expandable Upto 1 TB17.13 cm (6.745 inch) HD+ Display50MP Rear Camera,14999.0,,,4.2
realme,,,6.0,128.0,1200.0, 4 MB ROM6.1 cm (2.4 inch) Display0.3MP Rear Camera,1255.0,1649.0,23.89,4.1
MOTOROLA,MOTOROLA Edge 70 Fusion Snapdragon,Pantone COUNTRY AIR,12.0,256.0,7000.0, 32MP Front Camera,34999.0,59999.0,41.67,4.3
realme,realme Narzo 90x 5G,Aqua Blue,4.0,128.0,7000.0, 128 GB ROM17.27 cm (6.8 inch) HD+ Display50MP Rear Camera,18190.0,29999.0,39.36,4.1
POCO,POCO X8 Pro,Black,8.0,256.0,6500.0, 20MP Front Camera,39999.0,50999.0,21.57,4.3
Apple,Apple iPhone 17 Pro,Cosmic Orange,6.0,128.0,6000.0, 18MP Front Camera,132900.0,134900.0,1.48,4.7
realme,realme Narzo 90x 5G,Maroon Red,8.0,128.0,7000.0, 128 GB ROM17.27 cm (6.8 inch) Display50MP Rear Camera,22000.0,24590.0,10.53,4.3
MOTOROLA,MOTOROLA Edge 60 Pro,Pantone Walnut,12.0,256.0,6000.0, 50MP Front Camera,33999.0,40999.0,17.07,4.3
Samsung,Samsung Galaxy M17e,Blitz Blue,4.0,128.0,6000.0, Expandable Upto 128 GB17.02 cm (6.7 inch) Full HD+ Display50MP Rear Camera,15895.0,18999.0,16.34,4.0
Samsung,Samsung Galaxy M17e,Vibe Violet,4.0,128.0,6000.0, Expandable Upto 128 GB17.02 cm (6.7 inch) Full HD+ Display50MP Rear Camera,15837.0,18999.0,16.64,4.0
Ai+,Ai+ Nova 2 5G,Blue,4.0,128.0,6000.0, Expandable Upto 1 TB17.13 cm (6.745 inch) HD+ Display50MP Rear Camera,14999.0,17499.0,14.29,4.3
POCO,POCO C85x,Elite Black,4.0,64.0,6300.0, Expandable Upto 2 TB17.53 cm (6.9 inch) HD+ Display32MP Rear Camera,13999.0,20999.0,33.33,4.2
realme,,,6.0,128.0,1400.0, 160 MB ROM6.1 cm (2.4 inch) QVGA Display1.3MP Rear Camera,1299.0,1899.0,31.6,3.9
realme,realme P4 Power 5G Charger in the Box,TransOrange,8.0,128.0,10001.0,,29999.0,50999.0,41.18,4.4
realme,realme P4 Power 5G Charger in the Box,TransOrange,8.0,256.0,10001.0,,31999.0,55999.0,42.86,4.4
OnePlus,OnePlus Nord CE6,Pitch Black,8.0,128.0,8000.0, Expandable Upto 128 GB17.22 cm (6.78 inch) Full HD+ Display50MP Rear Camera,32921.0,40999.0,19.7,4.5
IQOO,IQOO Neo 10,Alpine White,8.0,256.0,7000.0, 256 GB ROM17.22 cm (6.78 inch) Full HD+ Super AMOLED Display50MP Rear Camera,45984.0,45999.0,0.03,4.5
vivo,vivo X200T,Stellar Black,12.0,256.0,6200.0, 32MP Front Camera,59999.0,80000.0,25.0,4.6
realme,,,6.0,128.0,2000.0, Expandable Upto 32 GB6.1 cm (2.4 inch) Display0.8MP Rear Camera,1458.0,1599.0,8.82,4.0
vivo,vivo X200T,Stellar Black,12.0,512.0,6200.0, 32MP Front Camera,69999.0,87999.0,20.45,4.6
HMD,HMD Vibe2 5G,Cosmic Lavender,4.0,128.0,6000.0, 128 GB ROM17.02 cm (6.7 inch) HD+ Display50MP Rear Camera,16999.0,19999.0,15.0,4.5
OnePlus,OnePlus Nord CE6 Lite,Vivid Mint,6.0,128.0,7000.0, Expandable Upto 128 GB17.07 cm (6.72 inch) Full HD+ Display50MP Rear Camera,27756.0,31999.0,13.26,4.3
POCO,POCO M8,Glacial Blue,6.0,128.0,5520.0, Expandable Upto 1 TB17.2 cm (6.77 inch) Full HD+ Display50MP Rear Camera,24999.0,25999.0,3.85,4.3
realme,,,6.0,128.0,1000.0, 0MP Front Camera,1049.0,1399.0,25.02,4.2
Ai+,Ai+ Nova 2 Neo 5G,Blue,4.0,64.0,6000.0, Expandable Upto 2 TB17.13 cm (6.745 inch) HD+ Display48MP Rear Camera,14999.0,17999.0,16.67,4.4
Samsung,Samsung Galaxy A35 5G,Awesome Navy,8.0,128.0,5000.0, 13MP Front Camera,18999.0,33999.0,44.12,4.4
Apple,Apple iPhone 17 Pro,Silver,6.0,128.0,6000.0, 18MP Front Camera,132900.0,134900.0,1.48,4.7
Ai+,Ai+ Nova 2 Pro 5G,Blue,8.0,128.0,6000.0, Expandable Upto 2 TB17.53 cm (6.9 inch) Full HD+ Display48MP Rear Camera,19999.0,22999.0,13.04,4.0
Samsung,Samsung S25 Ultra 5G,Titanium Gray,12.0,256.0,5000.0, 12MP Front Camera,94655.0,129999.0,27.19,4.6
realme,,,6.0,128.0,1000.0,,1099.0,1249.0,12.01,4.0
Nothing,Nothing Phone (4b),4b) (Black,8.0,128.0,6000.0, 16MP Front Camera,34999.0,54999.0,36.36,4.4
Samsung,Samsung Galaxy S25 5G,Icyblue,12.0,256.0,4000.0, 12MP Front Camera,79999.0,80999.0,1.23,4.6
realme,realme P4R 5G,Lavender Glare,6.0,128.0,8000.0, 128 GB ROM17.27 cm (6.8 inch) HD+ Display50MP Rear Camera,21999.0,39999.0,45.0,4.4
realme,realme P4R 5G,Lavender Glare,4.0,128.0,8000.0, 128 GB ROM17.27 cm (6.8 inch) HD+ Display50MP Rear Camera,19999.0,34999.0,42.86,4.2
realme,realme P4x 5G,Matte Silver,8.0,128.0,7000.0, 8MP Front Camera,23499.0,43999.0,46.59,4.3
